Nama Outlet,alamat,Kelas RS,Direktur,Alamat,Kode POS,MR,Kabupaten / Kota,, ,,,
RSUD Ir. Soekarno Sukoharjo,Tempat,B,"drg. Gani Suharto, Sp. KG",Jl. Dr. Muwardi No 71 Sukoharjo,3311016,ANDI,KAB. SUKOHARJO,,,"47 SETYO PUTRO, APT.",Tempat,ANDI
"RS PKU Muh.
 Sukoharjo",Tempat,C,"dr. H. Machmud Surjanto, Sp.B","Jl. Mayor Sunaryo No. 37, Sukoharjo",3311225,ANDI,KAB. SUKOHARJO,,,"AKMAL SEHAT, APT / GROGOL",Tempat,ANDI
RS Nirmala Suri,Tempat,D,"dr. Sri Pratomo, Sp.B, FinaCs, FiCS",Jl. Raya Solo Sukoharjo Km. 9 Sukoharjo,3311213,ANDI,KAB. SUKOHARJO,,,"AL FATH, APT",Tempat,ANDI
"RSUD dr. Soediran Mangun Sumarso
 Wonogiri",Tempat,B,"dr. Setyarini, M.Kes",Jl. Jend. Ahmad Yani No. 40 Wonokarto Wonogiri,3312010,ANDI,KAB. WONOGIRI,,,"AMAL SEHAT, RS/ WONOGIRI",Tempat,ANDI
RS Hermina Wonogiri,Tempat,C,"dr. Sri Hartanto, MARS",Jl. Raya Wonogiri - Ngadirojo Km. 5 Wonogiri,3312295,ANDI,KAB. WONOGIRI,,,"ASTRINI, RS / WONOGIRI",Tempat,ANDI
RS Amal Sehat,Tempat,C,dr. Rizky Mukti Sejati,Jl. Ngerjopuro RT 02 RW 03 Slogohimo Wonogiri,3312306,ANDI,KAB. WONOGIRI,,,"ASY SYIFA, KLINIK",Tempat,ANDI
RSU Muh Selogiri,Tempat,D,dr. Resita Lukitawati,Jl. Nambangan Selogiri Wonogiri,3312284,ANDI,KAB. WONOGIRI,,,"BEDODO, APT",Tempat,ANDI
RS Maguan Husada,Tempat,D,dr. Dhian Prasetyo Adhiputro,Jl. Raya praci-Giribelah Km. 6 Suci Pracimantoro Wonogiri,3312021,ANDI,KAB. WONOGIRI,,,"DR. SOEDIRAN MANGUN SUMARSO, RSUD",Tempat,ANDI
RS Mulia Hati Wonogiri,Tempat,D,dr. Ngadiyono,"Jl. RM. Said No. 08 Brumbung, Kaliancar, Selogiri, Wonogiri",3312308,ANDI,KAB. WONOGIRI,,,"GAMPING, APT",Tempat,ANDI
RSU Astrini Wonogiri,Tempat,D,"dr Pajar Sigit Nugroho,MMR",Jl. Brigjen Katamso Kaliancar Selogiri Wonogiri,3312309,ANDI,KAB. WONOGIRI,,,"GIRI HUSODO, APT.",Tempat,ANDI
RSU Fitri Candra,Tempat,D,dr. Eka Ambarwati Sutardi,"Jl. Brigjjend Katamso, Klampisan, Selogiri Wonogiri 57652",3312307,ANDI,KAB. WONOGIRI,,,"HERMINA, RS / WONOGIRI",Tempat,ANDI
RS PKU Muh. Wonogiri,Tempat,D,"dr. Dwi Handoyo, MM",Sanggrahan RT. 03 RW. 09 Giripurwo Wonogiri,3312310,ANDI,KAB. WONOGIRI,,,"K-24 AHMAD YANI, APOTEK",Tempat,ANDI
RSI Kustati,Tempat,C,"dr. S. Budi Yuwono, Sp. B",Jl. Kapt. Mulyadi No. 249 Surakarta,3372132,ANDI,KOTA SURAKARTA,,,"KIMIA FARMA , APT / SUKOHARJO",Tempat,ANDI
"RS PKU Muh.
 Sampangan",Tempat,D,"dr. Rosnedy Ariswati, M.Kes",Semanggi RT 002 RW 020 Pasar Kliwon,3372238,ANDI,KOTA SURAKARTA,,,"KUSTATI RS, APT.",Tempat,ANDI
RS Asy Syifa Sambi,Tempat,D,dr. M. Dhiyaul Mushhaf,Jl. Raya Bangak - Simo Km. 07 Sambi Boyolali,3309128,BAYU,KAB. BOYOLALI,,,"MUHAMMADIYAH, PKU / SAMPANGAN",Tempat,ANDI
RS Banyu Bening,Tempat,D,dr. Nurul Fitri Ishvari,Dk. Ngargorejo Ds. Ngargorejo Kec. Ngemplak Boyolali,3309131,BAYU,KAB. BOYOLALI,,,"MUHAMMADIYAH,PKU / SUKOHARJO",Tempat,ANDI
RS Kasih Ibu,Tempat,B,"dr. Ndarumurti Pangesti, SpPD-KEMD",Jl. Slamet Riyadi No. 404 Surakarta,3372165,BAYU,KOTA SURAKARTA,,,"MUJARAB, APT.",Tempat,ANDI
RSUP Soeradji Tirtonegoro Klaten,Tempat,A,"dr. Endang Widyaswati, M.Kes.",Jl. Dr. RT.Soeradji Tirtonegoro No.1 Klaten,3310015,NINTO,KAB. KLATEN,,,"MULIA HATI, RS",Tempat,ANDI
"RSJD dr. RM.
 Soedjarwadi Klaten",Tempat,A,"dr. Tri Kuncoro, M.M.R","Jl. KRT. Dr. Soeradji Tirtonegoro No.1, Klaten",3310026,NINTO,KAB. KLATEN,,,"NIRMALA SURI, RS.",Tempat,ANDI
RSUD Bagas Waras Klaten,Tempat,C,"dr. Limawan Budiwibowo,M.Kes",Jalan Ir. Soekarno Km 2 Buntalan Klaten,3310421,NINTO,KAB. KLATEN,,,"NURANI, APT",Tempat,ANDI
RSI Klaten,Tempat,B,"dr. H. Sutrisno, M.Kes",Jl. Raya Klaten-Solo Km. 4 Klaten,3310384,NINTO,KAB. KLATEN,,,"PKU MUHAMMADIYAH WONOGIRI, RS",Tempat,ANDI
RS Cakra Husada,Tempat,D,"dr. Netty Herawati, Sp.OG",Jl Merbabu No 7 Klaten,3310395,NINTO,KAB. KLATEN,,,"RIYAD, APT.",Tempat,ANDI
RS PKU Muh.Jatinom Klaten,Tempat,D,dr. Nur Haryadi,Jl.Raya Jatinom-Klaten KM 01,3310418,NINTO,KAB. KLATEN,,,RSUD IR SOEKARNO KABUPATEN SUKOHARJO,Tempat,ANDI
RS Mitra Keluarga Husada,Tempat,D,dr. Jaka Yuana,Jl. Raya Pedan Juwiring Km. 1 Kedungan,3310419,NINTO,KAB. KLATEN,,,"SARI ASIH, APT.",Tempat,ANDI
RS Islam Cawas,Tempat,D,dr. H. Syaiful Huda,Jl. Raya Tugu-Cawas Klaten,3310417,NINTO,KAB. KLATEN,,,"SATYA NEGARA, APOTEK",Tempat,ANDI
RSIA Aisyiyah,Tempat,C,dr. Hj. Siti Kundariyah,"Jl. KH. Hasyim Ashari RT 002/RW 010, Mojayan, Klaten",3310052,NINTO,KAB. KLATEN,,,"47 SETYO PUTRO, APT.",Tempat,BAYU
RSKB Diponegoro 21,Tempat,C,"dr. Endah Prasetyowati, MPH.",Jl. Diponegoro No. 21 Klaten,3310405,NINTO,KAB. KLATEN,,,"ASY-SYIFA, RS",Tempat,BAYU
RS PKU Muh. Pedan Klaten,Tempat,D,"dr. Dewi Susilowati, MMR","Jl. Pedan - Cawas Km. 1 Ngrendeng, RT 01/05 Sobayan, Pedan Klaten",3310420,NINTO,KAB. KLATEN,,,"BANYU BENING,RSI",Tempat,BAYU
RSUD Pandan Arang Boyolali,Tempat,C,dr. Siti Nur Rokhmah Hidayati,Jl. Kantil No. 14 Boyolali,3309015,REZA,KAB. BOYOLALI,,,"KASIH IBU SEHATI, KLINIK UTAMA",Tempat,BAYU
RSUD Simo,Tempat,D,"dr. FX. Kristandiyoko, MPH","Jl. Kebon Ijo, Simo Boyolali",3309107,REZA,KAB. BOYOLALI,,,RS Umum Kasih Ibu,Tempat,BAYU
RSU Waras Wiris,Tempat,D,dr. Puji Astuti,Jl. Raya Karanggede - Gemolong Km. 13 Andong Kab.Boyolali,3309096,REZA,KAB. BOYOLALI,,,"MARGAHUSADA SURAKARTA, APT",Tempat,BAYU
RS Umi Barokah,Tempat,D,"dr. Dwi Rahkmawati, Sp.KK",Jl. Prof. Soeharso No. 6 Tegalrejo Boyolali,3309074,REZA,KAB. BOYOLALI,,,"MOMMIES, KLINIK",Tempat,BAYU
"RS PKU Aisyiyah
 Boyolali",Tempat,D,"dr. H. Gazali Haeruddin,Sp.B FInaCS",Jl. Pasar Sapi Singkil Karanggeneng Boyolali,3309063,REZA,KAB. BOYOLALI,,,"NUR HAYATI, APT.",Tempat,BAYU
RS Karanggede Sisma Medika,Tempat,D,"drg. Ermi Nuryanti, MARS",Jl. Karanggede - Solo Km. 1 Karangede Boyolali,3309085,REZA,KAB. BOYOLALI,,,"PADMA, APT.",Tempat,BAYU
RSU Hidayah,Tempat,D,"dr. Ida Wulandari, MM",Kragilan Mojosongo Boyolai,3309129,REZA,KAB. BOYOLALI,,,"SEJAGAT, APT",Tempat,BAYU
RSU Natalia Boyolali,Tempat,D,dr. Yulika Putri Dasa Panjuis,Jl. Teratai No. 15 Pulisen Boyolali,3309132,REZA,KAB. BOYOLALI,,,"SOELASTRI , RS GIGI & MULUT",Tempat,BAYU
RSU Indriati Boyolali,Tempat,D,"dr. Bambang Soegianto, MM, MA",Jl. Raya Boyolali - Kartasura,3309135,REZA,KAB. BOYOLALI,,,"AISYIYAH KLATEN, RSU",Tempat,NINTO
RS PKU Muh Delanggu,Tempat,D,"dr. Muhamad Ma'mun Sukri, MPH","Jl. Raya Delanggu Utara No. 19, Delanggu, Klaten",3310416,REZA,KAB. KLATEN,,,"ASRI, APT.",Tempat,NINTO